"date_key","full_date","year","quarter","month","day","month_name","day_name"
"1","2023-06-27","2023","2","6","27","June","Tuesday"
"2","2024-06-28","2024","2","6","28","June","Friday"
"3","2024-08-02","2024","3","8","2","August","Friday"
"4","2023-07-05","2023","3","7","5","July","Wednesday"
"5","2023-12-15","2023","4","12","15","December","Friday"
"6","2023-08-08","2023","3","8","8","August","Tuesday"
"7","2024-07-16","2024","3","7","16","July","Tuesday"
"8","2023-09-08","2023","3","9","8","September","Friday"
"9","2023-09-19","2023","3","9","19","September","Tuesday"
"10","2024-01-13","2024","1","1","13","January","Saturday"
"11","2024-02-08","2024","1","2","8","February","Thursday"
"12","2023-09-07","2023","3","9","7","September","Thursday"
"13","2024-08-05","2024","3","8","5","August","Monday"
"14","2024-01-04","2024","1","1","4","January","Thursday"
"15","2023-11-21","2023","4","11","21","November","Tuesday"
"16","2023-08-21","2023","3","8","21","August","Monday"
"17","2024-07-01","2024","3","7","1","July","Monday"
"18","2023-10-12","2023","4","10","12","October","Thursday"
"19","2023-10-31","2023","4","10","31","October","Tuesday"
"20","2023-04-28","2023","2","4","28","April","Friday"
"21","2024-01-02","2024","1","1","2","January","Tuesday"
"22","2023-08-17","2023","3","8","17","August","Thursday"
"23","2023-07-04","2023","3","7","4","July","Tuesday"
"24","2024-05-14","2024","2","5","14","May","Tuesday"
"25","2023-05-09","2023","2","5","9","May","Tuesday"
"26","2023-08-05","2023","3","8","5","August","Saturday"
"27","2023-09-26","2023","3","9","26","September","Tuesday"
"28","2023-12-20","2023","4","12","20","December","Wednesday"
"29","2024-05-22","2024","2","5","22","May","Wednesday"
"30","2024-08-18","2024","3","8","18","August","Sunday"
"31","2023-05-04","2023","2","5","4","May","Thursday"
"32","2023-11-13","2023","4","11","13","November","Monday"
"33","2023-11-03","2023","4","11","3","November","Friday"
"34","2024-08-10","2024","3","8","10","August","Saturday"
"35","2023-04-29","2023","2","4","29","April","Saturday"
"36","2023-06-28","2023","2","6","28","June","Wednesday"
"37","2024-02-17","2024","1","2","17","February","Saturday"
"38","2023-10-27","2023","4","10","27","October","Friday"
"39","2024-03-14","2024","1","3","14","March","Thursday"
"40","2023-05-16","2023","2","5","16","May","Tuesday"
"41","2024-02-12","2024","1","2","12","February","Monday"
"42","2024-03-17","2024","1","3","17","March","Sunday"
"43","2024-01-26","2024","1","1","26","January","Friday"
"44","2023-04-01","2023","2","4","1","April","Saturday"
"45","2023-06-25","2023","2","6","25","June","Sunday"
"46","2024-04-15","2024","2","4","15","April","Monday"
"47","2023-04-03","2023","2","4","3","April","Monday"
"48","2024-03-27","2024","1","3","27","March","Wednesday"
"49","2024-05-23","2024","2","5","23","May","Thursday"
"50","2024-08-29","2024","3","8","29","August","Thursday"
"51","2023-07-13","2023","3","7","13","July","Thursday"
"52","2023-10-13","2023","4","10","13","October","Friday"
"53","2024-09-13","2024","3","9","13","September","Friday"
"54","2024-07-08","2024","3","7","8","July","Monday"
"55","2024-09-21","2024","3","9","21","September","Saturday"
"56","2024-03-01","2024","1","3","1","March","Friday"
"57","2023-07-27","2023","3","7","27","July","Thursday"
"58","2024-08-31","2024","3","8","31","August","Saturday"
"59","2024-03-19","2024","1","3","19","March","Tuesday"
"60","2024-08-20","2024","3","8","20","August","Tuesday"
"61","2023-10-28","2023","4","10","28","October","Saturday"
"62","2024-01-14","2024","1","1","14","January","Sunday"
"63","2023-06-12","2023","2","6","12","June","Monday"
"64","2024-05-10","2024","2","5","10","May","Friday"
"65","2023-05-19","2023","2","5","19","May","Friday"
"66","2024-08-09","2024","3","8","9","August","Friday"
"67","2024-04-29","2024","2","4","29","April","Monday"
"68","2023-09-10","2023","3","9","10","September","Sunday"
"69","2023-04-19","2023","2","4","19","April","Wednesday"
"70","2024-01-15","2024","1","1","15","January","Monday"
"71","2023-04-23","2023","2","4","23","April","Sunday"
"72","2024-04-25","2024","2","4","25","April","Thursday"
"73","2024-04-27","2024","2","4","27","April","Saturday"
"74","2023-12-08","2023","4","12","8","December","Friday"
"75","2023-08-19","2023","3","8","19","August","Saturday"
"76","2023-09-02","2023","3","9","2","September","Saturday"
"77","2024-01-03","2024","1","1","3","January","Wednesday"
"78","2024-05-03","2024","2","5","3","May","Friday"
"79","2024-02-20","2024","1","2","20","February","Tuesday"
"80","2023-10-19","2023","4","10","19","October","Thursday"
"81","2023-09-15","2023","3","9","15","September","Friday"
"82","2023-07-06","2023","3","7","6","July","Thursday"
"83","2024-05-18","2024","2","5","18","May","Saturday"
"84","2023-12-18","2023","4","12","18","December","Monday"
"85","2023-10-29","2023","4","10","29","October","Sunday"
"86","2024-08-06","2024","3","8","6","August","Tuesday"
"87","2023-10-24","2023","4","10","24","October","Tuesday"
"88","2024-04-06","2024","2","4","6","April","Saturday"
"89","2023-08-15","2023","3","8","15","August","Tuesday"
"90","2024-05-20","2024","2","5","20","May","Monday"
"91","2023-10-02","2023","4","10","2","October","Monday"
"92","2024-07-25","2024","3","7","25","July","Thursday"
"93","2024-06-10","2024","2","6","10","June","Monday"
"94","2023-04-27","2023","2","4","27","April","Thursday"
"95","2023-04-14","2023","2","4","14","April","Friday"
"96","2024-04-09","2024","2","4","9","April","Tuesday"
"97","2023-11-25","2023","4","11","25","November","Saturday"
"98","2024-01-21","2024","1","1","21","January","Sunday"
"99","2024-07-31","2024","3","7","31","July","Wednesday"
"100","2024-04-21","2024","2","4","21","April","Sunday"
"101","2024-05-21","2024","2","5","21","May","Tuesday"
"102","2023-12-29","2023","4","12","29","December","Friday"
"103","2024-02-02","2024","1","2","2","February","Friday"
"104","2024-07-12","2024","3","7","12","July","Friday"
"105","2023-05-26","2023","2","5","26","May","Friday"
"106","2023-10-08","2023","4","10","8","October","Sunday"
"107","2023-10-04","2023","4","10","4","October","Wednesday"
"108","2024-08-27","2024","3","8","27","August","Tuesday"
"109","2023-04-25","2023","2","4","25","April","Tuesday"
"110","2024-07-17","2024","3","7","17","July","Wednesday"
"111","2023-06-03","2023","2","6","3","June","Saturday"
"112","2023-11-11","2023","4","11","11","November","Saturday"
"113","2023-08-06","2023","3","8","6","August","Sunday"
"114","2024-04-30","2024","2","4","30","April","Tuesday"
"115","2024-01-16","2024","1","1","16","January","Tuesday"
"116","2023-08-07","2023","3","8","7","August","Monday"
"117","2023-06-18","2023","2","6","18","June","Sunday"
"118","2024-01-17","2024","1","1","17","January","Wednesday"
"119","2023-05-03","2023","2","5","3","May","Wednesday"
"120","2023-12-07","2023","4","12","7","December","Thursday"
"121","2023-04-15","2023","2","4","15","April","Saturday"
"122","2023-07-20","2023","3","7","20","July","Thursday"
"123","2024-06-13","2024","2","6","13","June","Thursday"
"124","2023-09-05","2023","3","9","5","September","Tuesday"
"125","2023-12-28","2023","4","12","28","December","Thursday"
"126","2023-07-24","2023","3","7","24","July","Monday"
"127","2023-09-12","2023","3","9","12","September","Tuesday"
"128","2024-03-28","2024","1","3","28","March","Thursday"
"129","2024-06-25","2024","2","6","25","June","Tuesday"
"130","2023-12-27","2023","4","12","27","December","Wednesday"
"131","2023-11-12","2023","4","11","12","November","Sunday"
"132","2024-01-09","2024","1","1","9","January","Tuesday"
"133","2024-01-06","2024","1","1","6","January","Saturday"
"134","2023-08-28","2023","3","8","28","August","Monday"
"135","2023-05-14","2023","2","5","14","May","Sunday"
"136","2024-05-09","2024","2","5","9","May","Thursday"
"137","2023-10-18","2023","4","10","18","October","Wednesday"
"138","2023-05-27","2023","2","5","27","May","Saturday"
"139","2024-07-22","2024","3","7","22","July","Monday"
"140","2024-03-23","2024","1","3","23","March","Saturday"
"141","2023-04-04","2023","2","4","4","April","Tuesday"
"142","2024-04-01","2024","2","4","1","April","Monday"
"143","2023-11-23","2023","4","11","23","November","Thursday"
"144","2023-09-29","2023","3","9","29","September","Friday"
"145","2024-05-19","2024","2","5","19","May","Sunday"
"146","2023-06-29","2023","2","6","29","June","Thursday"
"147","2024-04-07","2024","2","4","7","April","Sunday"
"148","2023-10-21","2023","4","10","21","October","Saturday"
"149","2023-07-08","2023","3","7","8","July","Saturday"
"150","2023-08-04","2023","3","8","4","August","Friday"
"151","2024-06-19","2024","2","6","19","June","Wednesday"
"152","2023-09-13","2023","3","9","13","September","Wednesday"
"153","2023-06-15","2023","2","6","15","June","Thursday"
"154","2023-04-26","2023","2","4","26","April","Wednesday"
"155","2023-07-10","2023","3","7","10","July","Monday"
"156","2024-07-23","2024","3","7","23","July","Tuesday"
"157","2023-10-23","2023","4","10","23","October","Monday"
"158","2024-01-23","2024","1","1","23","January","Tuesday"
"159","2024-06-17","2024","2","6","17","June","Monday"
"160","2023-11-09","2023","4","11","9","November","Thursday"
"161","2023-11-24","2023","4","11","24","November","Friday"
"162","2023-11-16","2023","4","11","16","November","Thursday"
"163","2023-07-22","2023","3","7","22","July","Saturday"
"164","2023-10-17","2023","4","10","17","October","Tuesday"
"165","2024-07-11","2024","3","7","11","July","Thursday"
"166","2023-12-24","2023","4","12","24","December","Sunday"
"167","2024-08-26","2024","3","8","26","August","Monday"
"168","2024-03-21","2024","1","3","21","March","Thursday"
"169","2023-11-22","2023","4","11","22","November","Wednesday"
"170","2023-08-16","2023","3","8","16","August","Wednesday"
"171","2023-05-31","2023","2","5","31","May","Wednesday"
"172","2023-09-30","2023","3","9","30","September","Saturday"
"173","2024-02-11","2024","1","2","11","February","Sunday"
"174","2024-01-05","2024","1","1","5","January","Friday"
"175","2023-07-23","2023","3","7","23","July","Sunday"
"176","2024-02-23","2024","1","2","23","February","Friday"
"177","2024-03-31","2024","1","3","31","March","Sunday"
"178","2023-08-25","2023","3","8","25","August","Friday"
"179","2024-03-02","2024","1","3","2","March","Saturday"
"180","2023-10-01","2023","4","10","1","October","Sunday"
"181","2023-08-20","2023","3","8","20","August","Sunday"
"182","2024-06-06","2024","2","6","6","June","Thursday"
"183","2024-09-09","2024","3","9","9","September","Monday"
"184","2024-05-12","2024","2","5","12","May","Sunday"
"185","2024-05-25","2024","2","5","25","May","Saturday"
"186","2023-12-21","2023","4","12","21","December","Thursday"
"187","2023-08-22","2023","3","8","22","August","Tuesday"
"188","2024-03-24","2024","1","3","24","March","Sunday"
"189","2024-08-15","2024","3","8","15","August","Thursday"
"190","2024-06-14","2024","2","6","14","June","Friday"
"191","2023-06-09","2023","2","6","9","June","Friday"
"192","2023-05-01","2023","2","5","1","May","Monday"
"193","2024-06-30","2024","2","6","30","June","Sunday"
"194","2024-09-19","2024","3","9","19","September","Thursday"
"195","2023-09-09","2023","3","9","9","September","Saturday"
"196","2024-05-05","2024","2","5","5","May","Sunday"
"197","2024-01-18","2024","1","1","18","January","Thursday"
"198","2023-09-25","2023","3","9","25","September","Monday"
"199","2024-05-02","2024","2","5","2","May","Thursday"
"200","2023-04-24","2023","2","4","24","April","Monday"
"201","2023-07-01","2023","3","7","1","July","Saturday"
"202","2023-04-08","2023","2","4","8","April","Saturday"
"203","2023-09-23","2023","3","9","23","September","Saturday"
"204","2023-12-16","2023","4","12","16","December","Saturday"
"205","2023-12-12","2023","4","12","12","December","Tuesday"
"206","2024-02-24","2024","1","2","24","February","Saturday"
"207","2023-04-20","2023","2","4","20","April","Thursday"
"208","2023-10-03","2023","4","10","3","October","Tuesday"
"209","2024-06-20","2024","2","6","20","June","Thursday"
"210","2024-06-07","2024","2","6","7","June","Friday"
"211","2024-08-14","2024","3","8","14","August","Wednesday"
"212","2024-03-25","2024","1","3","25","March","Monday"
"213","2024-07-21","2024","3","7","21","July","Sunday"
"214","2024-02-01","2024","1","2","1","February","Thursday"
"215","2023-04-11","2023","2","4","11","April","Tuesday"
"216","2024-01-31","2024","1","1","31","January","Wednesday"
"217","2023-12-13","2023","4","12","13","December","Wednesday"
"218","2024-04-20","2024","2","4","20","April","Saturday"
"219","2023-09-03","2023","3","9","3","September","Sunday"
"220","2023-07-03","2023","3","7","3","July","Monday"
"221","2024-03-22","2024","1","3","22","March","Friday"
"222","2024-07-13","2024","3","7","13","July","Saturday"
"223","2024-02-21","2024","1","2","21","February","Wednesday"
"224","2024-07-04","2024","3","7","4","July","Thursday"
"225","2024-05-24","2024","2","5","24","May","Friday"
"226","2024-06-27","2024","2","6","27","June","Thursday"
"227","2023-09-24","2023","3","9","24","September","Sunday"
"228","2023-11-14","2023","4","11","14","November","Tuesday"
"229","2024-09-16","2024","3","9","16","September","Monday"
"230","2023-09-06","2023","3","9","6","September","Wednesday"
"231","2024-06-15","2024","2","6","15","June","Saturday"
"232","2024-01-22","2024","1","1","22","January","Monday"
"233","2023-07-11","2023","3","7","11","July","Tuesday"
"234","2023-10-10","2023","4","10","10","October","Tuesday"
"235","2023-09-22","2023","3","9","22","September","Friday"
"236","2023-05-29","2023","2","5","29","May","Monday"
"237","2023-06-24","2023","2","6","24","June","Saturday"
"238","2024-08-23","2024","3","8","23","August","Friday"
"239","2023-09-14","2023","3","9","14","September","Thursday"
"240","2024-03-12","2024","1","3","12","March","Tuesday"
"241","2024-01-25","2024","1","1","25","January","Thursday"
"242","2024-09-04","2024","3","9","4","September","Wednesday"
"243","2024-08-28","2024","3","8","28","August","Wednesday"
"244","2024-09-03","2024","3","9","3","September","Tuesday"
"245","2024-02-27","2024","1","2","27","February","Tuesday"
"246","2024-02-07","2024","1","2","7","February","Wednesday"
"247","2024-08-30","2024","3","8","30","August","Friday"
"248","2024-04-24","2024","2","4","24","April","Wednesday"
"249","2023-04-30","2023","2","4","30","April","Sunday"
"250","2023-10-30","2023","4","10","30","October","Monday"
"251","2023-06-17","2023","2","6","17","June","Saturday"
"252","2023-06-30","2023","2","6","30","June","Friday"
"253","2024-06-11","2024","2","6","11","June","Tuesday"
"254","2023-06-11","2023","2","6","11","June","Sunday"
"255","2023-05-02","2023","2","5","2","May","Tuesday"
"256","2024-04-14","2024","2","4","14","April","Sunday"
"257","2024-02-26","2024","1","2","26","February","Monday"
"258","2023-07-07","2023","3","7","7","July","Friday"
"259","2023-04-21","2023","2","4","21","April","Friday"
"260","2023-08-23","2023","3","8","23","August","Wednesday"
"261","2023-05-28","2023","2","5","28","May","Sunday"
"262","2023-09-16","2023","3","9","16","September","Saturday"
"263","2024-06-23","2024","2","6","23","June","Sunday"
"264","2023-04-07","2023","2","4","7","April","Friday"
"265","2023-09-01","2023","3","9","1","September","Friday"
"266","2024-09-17","2024","3","9","17","September","Tuesday"
"267","2023-06-13","2023","2","6","13","June","Tuesday"
"268","2024-06-12","2024","2","6","12","June","Wednesday"
"269","2023-07-15","2023","3","7","15","July","Saturday"
"270","2024-03-06","2024","1","3","6","March","Wednesday"
"271","2024-06-26","2024","2","6","26","June","Wednesday"
"272","2024-09-14","2024","3","9","14","September","Saturday"
"273","2024-07-30","2024","3","7","30","July","Tuesday"
"274","2024-08-25","2024","3","8","25","August","Sunday"
"275","2024-08-04","2024","3","8","4","August","Sunday"
"276","2023-11-20","2023","4","11","20","November","Monday"
"277","2023-09-27","2023","3","9","27","September","Wednesday"
"278","2024-05-08","2024","2","5","8","May","Wednesday"
"279","2024-03-20","2024","1","3","20","March","Wednesday"
"280","2024-09-07","2024","3","9","7","September","Saturday"
"281","2024-08-24","2024","3","8","24","August","Saturday"
"282","2023-08-12","2023","3","8","12","August","Saturday"
"283","2024-09-08","2024","3","9","8","September","Sunday"
"284","2024-05-28","2024","2","5","28","May","Tuesday"
"285","2024-05-07","2024","2","5","7","May","Tuesday"
"286","2024-01-08","2024","1","1","8","January","Monday"
"287","2024-05-01","2024","2","5","1","May","Wednesday"
"288","2023-05-18","2023","2","5","18","May","Thursday"
"289","2023-05-08","2023","2","5","8","May","Monday"
"290","2024-04-26","2024","2","4","26","April","Friday"
"291","2023-09-28","2023","3","9","28","September","Thursday"
"292","2024-09-01","2024","3","9","1","September","Sunday"
"293","2023-09-20","2023","3","9","20","September","Wednesday"
"294","2024-08-12","2024","3","8","12","August","Monday"
"295","2023-06-04","2023","2","6","4","June","Sunday"
"296","2023-11-15","2023","4","11","15","November","Wednesday"
"297","2024-04-16","2024","2","4","16","April","Tuesday"
"298","2023-06-16","2023","2","6","16","June","Friday"
"299","2023-05-30","2023","2","5","30","May","Tuesday"
"300","2023-06-01","2023","2","6","1","June","Thursday"
"301","2024-07-28","2024","3","7","28","July","Sunday"
"302","2024-04-05","2024","2","4","5","April","Friday"
"303","2023-10-09","2023","4","10","9","October","Monday"
"304","2023-10-20","2023","4","10","20","October","Friday"
"305","2023-05-23","2023","2","5","23","May","Tuesday"
"306","2023-06-14","2023","2","6","14","June","Wednesday"
"307","2023-07-12","2023","3","7","12","July","Wednesday"
"308","2023-07-26","2023","3","7","26","July","Wednesday"
"309","2024-04-03","2024","2","4","3","April","Wednesday"
"310","2023-12-31","2023","4","12","31","December","Sunday"
"311","2024-04-19","2024","2","4","19","April","Friday"
"312","2024-07-05","2024","3","7","5","July","Friday"
"313","2024-08-13","2024","3","8","13","August","Tuesday"
"314","2023-12-11","2023","4","12","11","December","Monday"
"315","2024-06-24","2024","2","6","24","June","Monday"
"316","2024-03-11","2024","1","3","11","March","Monday"
"317","2023-05-10","2023","2","5","10","May","Wednesday"
"318","2024-04-04","2024","2","4","4","April","Thursday"
"319","2024-02-09","2024","1","2","9","February","Friday"
"320","2024-06-08","2024","2","6","8","June","Saturday"
"321","2024-05-16","2024","2","5","16","May","Thursday"
"322","2024-04-12","2024","2","4","12","April","Friday"
"323","2023-11-07","2023","4","11","7","November","Tuesday"
"324","2024-09-15","2024","3","9","15","September","Sunday"
"325","2023-07-17","2023","3","7","17","July","Monday"
"326","2024-03-07","2024","1","3","7","March","Thursday"
"327","2024-08-08","2024","3","8","8","August","Thursday"
"328","2024-01-30","2024","1","1","30","January","Tuesday"
"329","2023-04-16","2023","2","4","16","April","Sunday"
"330","2024-02-16","2024","1","2","16","February","Friday"
"331","2024-07-07","2024","3","7","7","July","Sunday"
"332","2023-10-26","2023","4","10","26","October","Thursday"
"333","2024-02-05","2024","1","2","5","February","Monday"
"334","2023-05-22","2023","2","5","22","May","Monday"
"335","2024-04-11","2024","2","4","11","April","Thursday"
"336","2023-12-23","2023","4","12","23","December","Saturday"
"337","2024-09-12","2024","3","9","12","September","Thursday"
"338","2023-08-31","2023","3","8","31","August","Thursday"
"339","2024-08-03","2024","3","8","3","August","Saturday"
"340","2024-08-11","2024","3","8","11","August","Sunday"
"341","2023-08-01","2023","3","8","1","August","Tuesday"
"342","2024-09-20","2024","3","9","20","September","Friday"
"343","2023-04-09","2023","2","4","9","April","Sunday"
"344","2024-01-11","2024","1","1","11","January","Thursday"
"345","2023-08-27","2023","3","8","27","August","Sunday"
"346","2023-06-10","2023","2","6","10","June","Saturday"
"347","2024-08-07","2024","3","8","7","August","Wednesday"
"348","2023-07-14","2023","3","7","14","July","Friday"
"349","2024-08-01","2024","3","8","1","August","Thursday"
"350","2024-02-28","2024","1","2","28","February","Wednesday"
"351","2023-11-05","2023","4","11","5","November","Sunday"
"352","2023-08-14","2023","3","8","14","August","Monday"
"353","2023-05-12","2023","2","5","12","May","Friday"
"354","2023-12-26","2023","4","12","26","December","Tuesday"
"355","2023-12-09","2023","4","12","9","December","Saturday"
"356","2023-05-17","2023","2","5","17","May","Wednesday"
"357","2023-12-04","2023","4","12","4","December","Monday"
"358","2024-09-11","2024","3","9","11","September","Wednesday"
"359","2024-03-29","2024","1","3","29","March","Friday"
"360","2023-07-25","2023","3","7","25","July","Tuesday"
"361","2024-02-15","2024","1","2","15","February","Thursday"
"362","2023-06-19","2023","2","6","19","June","Monday"
"363","2023-11-28","2023","4","11","28","November","Tuesday"
"364","2023-05-21","2023","2","5","21","May","Sunday"
"365","2023-12-03","2023","4","12","3","December","Sunday"
"366","2023-05-07","2023","2","5","7","May","Sunday"
"367","2024-06-21","2024","2","6","21","June","Friday"
"368","2023-12-10","2023","4","12","10","December","Sunday"
"369","2023-10-05","2023","4","10","5","October","Thursday"
"370","2023-05-05","2023","2","5","5","May","Friday"
"371","2024-05-17","2024","2","5","17","May","Friday"
"372","2023-08-29","2023","3","8","29","August","Tuesday"
"373","2024-07-09","2024","3","7","9","July","Tuesday"
"374","2024-02-06","2024","1","2","6","February","Tuesday"
"375","2024-04-17","2024","2","4","17","April","Wednesday"
"376","2023-04-02","2023","2","4","2","April","Sunday"
"377","2023-11-19","2023","4","11","19","November","Sunday"
"378","2024-03-09","2024","1","3","9","March","Saturday"
"379","2024-01-01","2024","1","1","1","January","Monday"
"380","2023-12-17","2023","4","12","17","December","Sunday"
"381","2024-05-13","2024","2","5","13","May","Monday"
"382","2023-08-09","2023","3","8","9","August","Wednesday"
"383","2023-12-25","2023","4","12","25","December","Monday"
"384","2024-09-10","2024","3","9","10","September","Tuesday"
"385","2023-08-13","2023","3","8","13","August","Sunday"
"386","2024-06-04","2024","2","6","4","June","Tuesday"
"387","2023-08-11","2023","3","8","11","August","Friday"
"388","2024-07-06","2024","3","7","6","July","Saturday"
"389","2023-11-30","2023","4","11","30","November","Thursday"
"390","2023-11-08","2023","4","11","8","November","Wednesday"
"391","2024-07-29","2024","3","7","29","July","Monday"
"392","2023-08-03","2023","3","8","3","August","Thursday"
"393","2023-11-04","2023","4","11","4","November","Saturday"
"394","2024-09-05","2024","3","9","5","September","Thursday"
"395","2024-02-25","2024","1","2","25","February","Sunday"
"396","2024-06-16","2024","2","6","16","June","Sunday"
"397","2024-01-19","2024","1","1","19","January","Friday"
"398","2024-06-22","2024","2","6","22","June","Saturday"
"399","2023-10-11","2023","4","10","11","October","Wednesday"
"400","2023-06-06","2023","2","6","6","June","Tuesday"
"401","2024-03-26","2024","1","3","26","March","Tuesday"
"402","2023-09-11","2023","3","9","11","September","Monday"
"403","2024-02-22","2024","1","2","22","February","Thursday"
"404","2024-08-16","2024","3","8","16","August","Friday"
"405","2024-04-18","2024","2","4","18","April","Thursday"
"406","2024-04-23","2024","2","4","23","April","Tuesday"
"407","2024-04-13","2024","2","4","13","April","Saturday"
"408","2023-08-02","2023","3","8","2","August","Wednesday"
"409","2024-03-04","2024","1","3","4","March","Monday"
"410","2024-09-06","2024","3","9","6","September","Friday"
"411","2024-01-27","2024","1","1","27","January","Saturday"
"412","2024-08-19","2024","3","8","19","August","Monday"
"413","2023-11-02","2023","4","11","2","November","Thursday"
"414","2023-12-14","2023","4","12","14","December","Thursday"
"415","2024-05-04","2024","2","5","4","May","Saturday"
"416","2023-07-16","2023","3","7","16","July","Sunday"
"417","2024-07-10","2024","3","7","10","July","Wednesday"
"418","2023-08-18","2023","3","8","18","August","Friday"
"419","2024-02-13","2024","1","2","13","February","Tuesday"
"420","2023-08-10","2023","3","8","10","August","Thursday"
"421","2023-12-02","2023","4","12","2","December","Saturday"
"422","2023-10-15","2023","4","10","15","October","Sunday"
"423","2024-08-22","2024","3","8","22","August","Thursday"
"424","2023-12-01","2023","4","12","1","December","Friday"
"425","2024-02-18","2024","1","2","18","February","Sunday"
"426","2023-04-06","2023","2","4","6","April","Thursday"
"427","2023-11-01","2023","4","11","1","November","Wednesday"
"428","2023-12-19","2023","4","12","19","December","Tuesday"
"429","2023-04-05","2023","2","4","5","April","Wednesday"
"430","2024-02-10","2024","1","2","10","February","Saturday"
"431","2024-07-03","2024","3","7","3","July","Wednesday"
"432","2024-06-02","2024","2","6","2","June","Sunday"
"433","2024-07-27","2024","3","7","27","July","Saturday"
"434","2023-10-25","2023","4","10","25","October","Wednesday"
"435","2023-05-06","2023","2","5","6","May","Saturday"
"436","2024-04-10","2024","2","4","10","April","Wednesday"
"437","2024-02-04","2024","1","2","4","February","Sunday"
"438","2023-11-18","2023","4","11","18","November","Saturday"
"439","2023-09-18","2023","3","9","18","September","Monday"
"440","2024-01-10","2024","1","1","10","January","Wednesday"
"441","2023-07-31","2023","3","7","31","July","Monday"
"442","2023-07-09","2023","3","7","9","July","Sunday"
"443","2023-07-29","2023","3","7","29","July","Saturday"
"444","2023-06-20","2023","2","6","20","June","Tuesday"
"445","2023-07-02","2023","3","7","2","July","Sunday"
"446","2024-01-29","2024","1","1","29","January","Monday"
"447","2024-05-29","2024","2","5","29","May","Wednesday"
"448","2024-06-05","2024","2","6","5","June","Wednesday"
"449","2024-06-09","2024","2","6","9","June","Sunday"
"450","2023-08-24","2023","3","8","24","August","Thursday"
"451","2023-05-24","2023","2","5","24","May","Wednesday"
"452","2024-02-29","2024","1","2","29","February","Thursday"
"453","2024-03-15","2024","1","3","15","March","Friday"
"454","2023-09-04","2023","3","9","4","September","Monday"
"455","2024-06-01","2024","2","6","1","June","Saturday"
"456","2023-11-27","2023","4","11","27","November","Monday"
"457","2024-08-21","2024","3","8","21","August","Wednesday"
"458","2023-10-16","2023","4","10","16","October","Monday"
"459","2024-02-03","2024","1","2","3","February","Saturday"
"460","2023-12-30","2023","4","12","30","December","Saturday"
"461","2023-11-26","2023","4","11","26","November","Sunday"
"462","2023-12-05","2023","4","12","5","December","Tuesday"
"463","2024-03-30","2024","1","3","30","March","Saturday"
"464","2023-11-29","2023","4","11","29","November","Wednesday"
"465","2024-05-27","2024","2","5","27","May","Monday"
"466","2024-04-28","2024","2","4","28","April","Sunday"
"467","2024-04-02","2024","2","4","2","April","Tuesday"
"468","2023-10-07","2023","4","10","7","October","Saturday"
"469","2023-06-26","2023","2","6","26","June","Monday"
"470","2023-09-17","2023","3","9","17","September","Sunday"
"471","2023-11-06","2023","4","11","6","November","Monday"
"472","2024-06-29","2024","2","6","29","June","Saturday"
"473","2023-07-28","2023","3","7","28","July","Friday"
"474","2024-03-03","2024","1","3","3","March","Sunday"
"475","2023-05-25","2023","2","5","25","May","Thursday"
"476","2024-02-19","2024","1","2","19","February","Monday"
"477","2024-05-15","2024","2","5","15","May","Wednesday"
"478","2023-05-13","2023","2","5","13","May","Saturday"
"479","2024-03-16","2024","1","3","16","March","Saturday"
"480","2024-06-03","2024","2","6","3","June","Monday"
"481","2024-09-18","2024","3","9","18","September","Wednesday"
"482","2023-07-21","2023","3","7","21","July","Friday"
"483","2023-07-30","2023","3","7","30","July","Sunday"
"484","2024-07-26","2024","3","7","26","July","Friday"
"485","2023-04-13","2023","2","4","13","April","Thursday"
"486","2023-12-06","2023","4","12","6","December","Wednesday"
"487","2024-07-15","2024","3","7","15","July","Monday"
"488","2023-05-15","2023","2","5","15","May","Monday"
"489","2023-05-11","2023","2","5","11","May","Thursday"
"490","2024-07-19","2024","3","7","19","July","Friday"
"491","2024-09-26","2024","3","9","26","September","Thursday"
"492","2024-01-20","2024","1","1","20","January","Saturday"
"493","2024-08-17","2024","3","8","17","August","Saturday"
"494","2023-06-23","2023","2","6","23","June","Friday"
"495","2024-01-28","2024","1","1","28","January","Sunday"
"496","2023-12-22","2023","4","12","22","December","Friday"
"497","2023-04-17","2023","2","4","17","April","Monday"
"498","2024-05-26","2024","2","5","26","May","Sunday"
"499","2024-05-31","2024","2","5","31","May","Friday"
"500","2023-11-10","2023","4","11","10","November","Friday"
"501","2024-03-05","2024","1","3","5","March","Tuesday"
"502","2024-01-07","2024","1","1","7","January","Sunday"
"503","2024-06-18","2024","2","6","18","June","Tuesday"
"504","2023-10-22","2023","4","10","22","October","Sunday"
"505","2023-07-19","2023","3","7","19","July","Wednesday"
"506","2023-10-14","2023","4","10","14","October","Saturday"
"507","2023-06-02","2023","2","6","2","June","Friday"
"508","2024-09-02","2024","3","9","2","September","Monday"
"509","2024-09-23","2024","3","9","23","September","Monday"
"510","2024-10-06","2024","4","10","6","October","Sunday"
"511","2024-05-30","2024","2","5","30","May","Thursday"
"512","2024-01-24","2024","1","1","24","January","Wednesday"
"513","2024-07-20","2024","3","7","20","July","Saturday"
"514","2024-04-08","2024","2","4","8","April","Monday"
"515","2024-03-08","2024","1","3","8","March","Friday"
"516","2024-09-27","2024","3","9","27","September","Friday"
"517","2023-08-30","2023","3","8","30","August","Wednesday"
"518","2024-05-11","2024","2","5","11","May","Saturday"
"519","2024-01-12","2024","1","1","12","January","Friday"
"520","2023-06-05","2023","2","6","5","June","Monday"
"521","2023-04-18","2023","2","4","18","April","Tuesday"
"522","2023-06-07","2023","2","6","7","June","Wednesday"
"523","2024-03-13","2024","1","3","13","March","Wednesday"
"524","2024-09-28","2024","3","9","28","September","Saturday"
"525","2024-07-02","2024","3","7","2","July","Tuesday"
"526","2024-02-14","2024","1","2","14","February","Wednesday"
"527","2023-05-20","2023","2","5","20","May","Saturday"
"528","2024-05-06","2024","2","5","6","May","Monday"
"529","2024-09-30","2024","3","9","30","September","Monday"
"530","2024-10-09","2024","4","10","9","October","Wednesday"
"531","2023-06-22","2023","2","6","22","June","Thursday"
"532","2023-07-18","2023","3","7","18","July","Tuesday"
"533","2024-07-18","2024","3","7","18","July","Thursday"
"534","2024-09-25","2024","3","9","25","September","Wednesday"
"535","2023-10-06","2023","4","10","6","October","Friday"
"536","2024-09-29","2024","3","9","29","September","Sunday"
"537","2024-10-03","2024","4","10","3","October","Thursday"
"538","2023-06-21","2023","2","6","21","June","Wednesday"
"539","2024-10-02","2024","4","10","2","October","Wednesday"
"540","2023-06-08","2023","2","6","8","June","Thursday"
"541","2023-08-26","2023","3","8","26","August","Saturday"
"542","2024-07-14","2024","3","7","14","July","Sunday"
"543","2024-09-22","2024","3","9","22","September","Sunday"
"544","2024-09-24","2024","3","9","24","September","Tuesday"
"545","2024-10-11","2024","4","10","11","October","Friday"
"546","2024-10-12","2024","4","10","12","October","Saturday"
"547","2024-07-24","2024","3","7","24","July","Wednesday"
"548","2024-04-22","2024","2","4","22","April","Monday"
"549","2024-10-10","2024","4","10","10","October","Thursday"
"550","2024-03-10","2024","1","3","10","March","Sunday"
"551","2023-09-21","2023","3","9","21","September","Thursday"
"552","2024-10-04","2024","4","10","4","October","Friday"
"553","2024-10-01","2024","4","10","1","October","Tuesday"
"554","2024-10-13","2024","4","10","13","October","Sunday"
